Date,Mortgage_Rate,AL,AL_monthly,GDP,CPI,Treasury,Credit_Availability,Corp_debt,Unemployment,BusinessConfidenceIndex
1976-06-01,8.9,2.2026571441927567,26.647846408730416,1875.1493333333333,56.7,0.84,0.0,629944.6666666666,7.6,101.0033
1976-07-01,8.98,2.187029163209296,26.457201254607043,1886.558,57.0,1.12,0.0,634701.0,7.8,100.6443
1976-08-01,9.0,2.1831514841421202,26.409896456413325,1902.463,57.3,1.16,0.0,640981.6666666666,7.8,100.3209
1976-09-01,8.97,2.188972380378566,26.480906891815458,1918.368,57.6,1.22,0.0,647262.3333333334,7.6,100.098
1976-10-01,8.9,2.2026571441927567,26.647846408730416,1934.273,57.9,1.39,0.0,653543.0,7.7,100.0021
1976-11-01,8.8,2.2224593913320096,26.88940199557692,1952.398,58.1,1.59,0.0,658764.3333333334,7.8,100.045
1976-12-01,8.78,2.2264559392557213,26.93815182743412,1970.523,58.4,1.47,0.0,663985.6666666666,7.8,100.2972
1977-01-01,8.73,2.2365005339478405,27.06067310279127,1988.648,58.7,1.22,0.0,669207.0,7.5,100.4464
1977-02-01,8.65,2.252731584888976,27.25864709878819,2011.0683333333334,59.3,1.37,0.0,670946.3333333334,7.6,100.6309
1977-03-01,8.7,2.2425640249241185,27.134632131250026,2033.4886666666666,59.6,1.41,0.0,672685.6666666666,7.4,100.8918
1977-04-01,8.78,2.2264559392557213,26.93815182743412,2055.909,60.0,1.31,0.0,674425.0,7.2,101.0322
1977-05-01,8.85,2.212520834966696,26.768169225355965,2076.7636666666667,60.2,1.2,0.0,682563.3333333334,7.0,101.1102
1977-06-01,8.88,2.2065936829453956,26.695866891346732,2097.6183333333333,60.5,1.12,0.0,690701.6666666666,7.2,100.9657
1977-07-01,8.93,2.1967745650124715,26.57608592846112,2118.473,60.8,0.92,0.0,698840.0,6.9,100.7632
1977-08-01,8.93,2.1967745650124715,26.57608592846112,2133.7386666666666,61.1,0.69,0.0,705541.0,7.0,100.4933
1977-09-01,8.9,2.2026571441927567,26.647846408730416,2149.0043333333333,61.3,0.59,0.0,712242.0,6.8,100.3749
1977-10-01,8.9,2.2026571441927567,26.647846408730416,2164.27,61.6,0.39,0.0,718943.0,6.8,100.5049
1977-11-01,8.93,2.1967745650124715,26.57608592846112,2177.1,62.0,0.44,0.0,725279.0,6.8,100.7547
1977-12-01,9.0,2.1831514841421202,26.409896456413325,2189.9300000000003,62.3,0.56,0.0,731615.0,6.4,100.9725
1978-01-01,9.05,2.1735080972142966,26.292252458155595,2202.76,62.7,0.47,0.0,737951.0,6.4,100.8892
1978-02-01,9.15,2.154436724357542,26.059584932146265,2245.717666666667,63.0,0.47,0.0,741642.0,6.3,100.7193
1978-03-01,9.25,2.1356479957808245,25.830357077913703,2288.675333333333,63.4,0.45,0.0,745333.0,6.3,100.7135
1978-04-01,9.43,2.102523504638374,25.426211671225293,2331.633,63.9,0.27,0.0,749024.0,6.1,100.9957
1978-05-01,9.68,2.0579511628250113,24.882368599616154,2352.7729999999997,64.5,0.3,0.0,756530.6666666666,6.0,101.3697
1978-06-01,9.73,2.049230780650697,24.775966006094716,2373.913,65.0,0.14,0.0,764037.3333333334,5.9,101.6347
1978-07-01,9.75,2.0457603798160795,24.733621455867997,2395.053,65.5,0.09,0.0,771544.0,6.2,101.7659
1978-08-01,9.8,2.0371284246820904,24.6282973072798,2422.3516666666665,65.9,-0.07,0.0,777431.6666666666,5.9,101.7152
1978-09-01,9.78,2.0405736794944747,24.670335154228646,2449.6503333333335,66.5,-0.14,0.0,783319.3333333334,6.0,101.6572
1978-10-01,9.88,2.0234469549806895,24.461360333083398,2476.949,67.1,-0.53,0.0,789207.0,5.8,101.6183
1978-11-01,10.28,1.957355820976437,23.654945752632532,2493.5026666666668,67.5,-0.69,0.0,791735.3333333334,5.9,101.58
1978-12-01,10.38,1.9414148815193226,23.46044783237985,2510.0563333333334,67.9,-0.83,0.0,794263.6666666666,6.0,101.4282
1979-01-01,10.4,1.9382537334736316,23.421878634504598,2526.61,68.5,-0.69,0.0,796792.0,5.9,101.2578
1979-02-01,10.4,1.9382537334736316,23.421878634504598,2548.1556666666665,69.2,-0.72,0.0,799499.0,5.9,101.1037
1979-03-01,10.45,1.9303898857522994,23.325932507596125,2569.7013333333334,69.9,-0.61,0.0,802206.0,5.8,100.9116
1979-04-01,10.53,1.917922619267698,23.173822885057128,2591.247,70.6,-0.56,0.0,804913.0,5.8,100.6257
1979-05-01,10.75,1.8843513233921008,22.7642466644342,2616.686333333333,71.4,-0.5,0.0,812115.0,5.6,100.27
1979-06-01,11.1,1.8330163294651858,22.138015623147044,2642.125666666667,72.2,-0.16,0.0,819317.0,5.7,99.9022
1979-07-01,11.08,1.8358834049263513,22.172988299216012,2667.565,73.0,-0.3,0.0,826519.0,5.7,99.57
1979-08-01,11.13,1.8287304532602706,22.085736993419328,2686.337666666667,73.7,-0.6,0.0,832718.0,6.0,99.30282
1979-09-01,11.35,1.7978323907298484,21.708869625942754,2705.110333333333,74.4,-0.66,0.0,838917.0,5.9,99.13361
1979-10-01,12.0,1.7117265931293144,20.658895354301205,2723.883,75.2,-1.34,0.0,845116.0,6.0,98.96733
1979-11-01,12.9,1.6040403215881684,19.346520982024042,2745.869333333333,76.0,-0.95,0.0,851227.6666666666,5.9,98.77229
1979-12-01,12.9,1.6040403215881684,19.346520982024042,2767.855666666667,76.9,-0.9,0.0,857339.3333333334,6.0,98.6135
1980-01-01,12.89,1.6051695657527016,19.360277755895225,2789.842,78.0,-0.62,0.0,863451.0,6.3,98.62623
1980-02-01,13.59,1.529456798746986,18.43822030557653,2792.345333333333,79.0,-2.01,0.0,868172.0,6.3,98.46581
1980-03-01,16.03,1.3103173842087525,15.773732869190543,2794.8486666666668,80.1,-1.99,0.0,872893.0,6.3,97.60511
1980-04-01,16.25,1.2934126853321366,15.56851123610253,2797.352,80.9,-0.05,0.0,877614.0,6.9,96.38105
1980-05-01,13.2,1.5708190558478228,18.941867938797078,2817.0623333333333,81.7,1.0,0.0,887643.0,7.5,95.3932
1980-06-01,12.35,1.668348015903181,20.130123834496153,2836.7726666666667,82.5,1.12,0.0,897672.0,7.6,95.35428
1980-07-01,12.18,1.6891690572594638,20.383908131135076,2856.483,82.6,1.04,0.0,907701.0,7.8,96.30575
1980-08-01,12.95,1.5984155638771418,19.278000461477234,2899.507666666667,83.2,0.19,0.0,915204.0,7.7,97.85606999999999
1980-09-01,13.43,1.5461836544580834,18.641871495271293,2942.532333333333,83.9,-0.27,0.0,922707.0,7.5,99.27046999999999
1980-10-01,14.0,1.4880661238483375,17.93443044030011,2985.557,84.7,-0.62,0.0,930210.0,7.5,100.2468
1980-11-01,14.28,1.460960616118666,17.604633517695596,3031.773333333333,85.6,-1.41,0.0,941650.3333333334,7.5,100.5201
1980-12-01,14.95,1.399655222529964,16.859103846346166,3077.989666666667,86.4,-0.63,0.0,953090.6666666666,7.2,100.0827
1981-01-01,15.07,1.3891749035922987,16.731710102240797,3124.206,87.2,-0.58,0.0,964531.0,7.5,99.50925
1981-02-01,15.3,1.3694894894788139,16.492470705432016,3136.9813333333336,88.0,-0.65,0.0,966745.3333333334,7.4,99.24152
1981-03-01,15.4,1.3610914979700448,16.39042792934924,3149.7566666666667,88.6,-0.04,0.0,968959.6666666666,7.4,99.3206
1981-04-01,15.77,1.3308363471606386,16.022899741713527,3162.532,89.1,-0.73,0.0,971174.0,7.2,99.56576
1981-05-01,16.8,1.25289246558265,15.076813771334145,3195.2243333333336,89.7,-0.9,0.0,980067.6666666666,7.5,99.67260999999999
1981-06-01,16.62,1.265887827123757,15.234473917929614,3227.9166666666665,90.5,-0.8,0.0,988961.3333333334,7.5,99.41108
1981-07-01,17.11,1.2310922632461274,14.812406135067043,3260.609,91.5,-1.17,0.0,997855.0,7.2,98.93945
1981-08-01,17.48,1.2059945219613935,14.50811974658972,3267.345333333333,92.2,-1.32,0.0,1008146.3333333334,7.4,98.44556
1981-09-01,18.36,1.15003961191159,13.830182079581617,3274.081666666667,93.1,-0.85,0.0,1018437.6666666666,7.6,97.73235
1981-10-01,18.44,1.1451974883752047,13.771546753210266,3280.818,93.4,0.04,0.0,1028729.0,7.9,97.06617
1981-11-01,17.21,1.2242121539637885,14.728978829737033,3278.646,93.8,0.77,0.0,1039585.6666666666,8.3,96.60503
1981-12-01,17.04,1.235951994917107,14.87134022828547,3276.474,94.1,0.35,0.0,1050442.3333333333,8.5,96.51103
1982-01-01,17.59,1.1987191128311458,14.419935951902257,3274.302,94.4,-0.1,0.0,1061299.0,8.6,96.54741
1982-02-01,17.52,1.2033392471534554,14.475934442001773,3293.5253333333335,94.7,-0.41,0.0,1067409.3333333333,8.9,96.54921
1982-03-01,17.04,1.235951994917107,14.87134022828547,3312.748666666667,94.7,-0.34,0.0,1073519.6666666667,9.0,96.47549000000001
1982-04-01,16.81,1.2521778731309376,15.068145249267856,3331.972,95.0,-0.12,0.0,1079630.0,9.3,96.42971
1982-05-01,16.63,1.2651592069462778,15.225633424280925,3343.422,95.9,0.09,0.0,1100431.6666666667,9.4,96.40111999999999
1982-06-01,16.73,1.2579162215920172,15.137758321657337,3354.8720000000003,97.0,-0.22,0.0,1121233.3333333333,9.6,96.5321
1982-07-01,16.65,1.2637043332950657,15.207981453490243,3366.322,97.5,0.51,0.0,1142035.0,9.8,96.63718
1982-08-01,15.88,1.322082401397755,15.916589353783847,3378.4016666666666,97.7,0.82,0.0,1160381.3333333333,9.8,96.69238
1982-09-01,15.19,1.378839187721221,16.60609105145238,3390.4813333333336,97.7,0.5,0.0,1178727.6666666667,10.1,96.75227
1982-10-01,14.15,1.4734316668331746,17.75635846844289,3402.561,98.1,0.86,0.0,1197074.0,10.4,96.87266
1982-11-01,13.77,1.5110294162648168,18.213903619444334,3426.1783333333333,98.0,0.83,0.0,1212880.3333333333,10.8,97.16144
1982-12-01,13.57,1.5315295991702917,18.463455083252516,3449.795666666667,97.7,0.88,0.0,1228686.6666666667,10.8,97.79113000000001
1983-01-01,13.1,1.58175338991239,19.075041443174744,3473.413,97.9,1.22,0.0,1244493.0,10.4,98.66582
1983-02-01,12.98,1.5950577924028762,19.23709776092225,3508.558,98.0,0.96,0.0,1269522.3333333333,10.4,99.58894000000001
1983-03-01,12.86,1.6085659274260007,19.40165395385852,3543.703,98.1,0.75,0.0,1294551.6666666667,10.3,100.0976
1983-04-01,12.73,1.6234345217753736,19.582803771373662,3578.848,98.8,0.92,0.0,1319581.0,10.2,100.4002
1983-05-01,12.68,1.629219346445768,19.653288142083408,3615.625,99.2,0.79,0.0,1338791.0,10.1,100.7572
1983-06-01,12.96,1.5972948879578792,19.264348819398347,3652.402,99.4,0.73,0.0,1358001.0,10.1,101.2451
1983-07-01,13.65,1.523268975385492,18.362891286269097,3689.179,99.8,0.73,0.0,1377211.0,9.4,101.8201
1983-08-01,13.78,1.510017557854731,18.201587462962262,3724.3546666666666,100.1,0.8,0.0,1388374.6666666667,9.5,102.1401
1983-09-01,13.65,1.523268975385492,18.362891286269097,3759.5303333333336,100.4,0.91,0.0,1399538.3333333333,9.2,102.3417
1983-10-01,13.43,1.5461836544580834,18.641871495271293,3794.706,100.8,1.13,0.0,1410702.0,8.8,102.6091
1983-11-01,13.43,1.5461836544580834,18.641871495271293,3832.4886666666666,101.1,0.96,0.0,1428381.6666666667,8.5,102.8395
1983-12-01,13.43,1.5461836544580834,18.641871495271293,3870.2713333333336,101.4,0.97,0.0,1446061.3333333333,8.3,102.7968
1984-01-01,13.29,1.561094766538827,18.823442834624874,3908.054,102.1,1.09,0.0,1463741.0,8.0,102.2353
1984-02-01,13.25,1.5654031487740334,18.87591024241607,3941.9030000000002,102.6,1.05,0.0,1480059.6666666667,7.8,101.807
1984-03-01,13.55,1.5336075242380556,18.488752760257047,3975.752,102.9,0.93,0.0,1496378.3333333333,7.8,101.5402
1984-04-01,13.73,1.5150892638361615,18.263320620237483,4009.601,103.3,0.93,0.0,1512697.0,7.7,101.4454
1984-05-01,14.08,1.4802280858111192,17.839053716590477,4034.484,103.5,0.91,0.0,1532553.6666666667,7.4,101.2497
1984-06-01,14.5,1.4402925226743226,17.35322945886713,4059.367,103.7,0.67,0.0,1552410.3333333333,7.2,100.9579
1984-07-01,14.67,1.4246873859090703,17.163451111500947,4084.25,104.1,0.34,0.0,1572267.0,7.5,100.5155
1984-08-01,14.38,1.4514988063085115,17.489533802269268,4105.683666666667,104.4,0.25,0.0,1602500.0,7.5,99.99011999999999
1984-09-01,14.26,1.4628665978250799,17.627820643147942,4127.117333333334,104.7,0.4,0.0,1632733.0,7.3,99.57101
1984-10-01,14.05,1.483158464023696,17.874710911789382,4148.551,105.1,0.7,0.0,1662966.0,7.4,99.4074
1984-11-01,13.42,1.5472401377228622,18.654735375612514,4175.756666666667,105.3,1.08,-49.666666666666664,1678887.6666666667,7.2,99.36313
1984-12-01,13.14,1.5773631514613629,19.021569500287487,4202.962333333333,105.5,1.53,-99.33333333333333,1694809.3333333333,7.3,99.35741
1985-01-01,12.96,1.5972948879578792,19.264348819398347,4230.168,105.7,1.27,-149.0,1710731.0,7.3,99.29842
1985-02-01,12.94,1.5995376617742785,19.291669551429884,4251.741,106.3,1.25,-21.0,1732034.0,7.2,99.15536999999999
1985-03-01,13.29,1.561094766538827,18.823442834624874,4273.313999999999,106.8,1.22,107.0,1753337.0,7.2,98.95116
1985-04-01,13.12,1.5795555074819656,19.048271563204796,4294.887,107.0,1.5,235.0,1774640.0,7.3,98.81668
1985-05-01,12.71,1.6257440048887055,19.610942967348006,4325.515666666666,107.2,1.36,550.6666666666667,1790794.3333333333,7.2,98.72993000000001
1985-06-01,12.15,1.6928916693928484,20.429285982947473,4356.144333333334,107.5,1.58,866.3333333333334,1806948.6666666667,7.4,98.73898
1985-07-01,12.03,1.7079297672571432,20.612607641229886,4386.773,107.7,1.56,1182.0,1823103.0,7.4,98.80515
1985-08-01,12.11,1.6978780129279993,20.490070077600638,4405.88,107.9,1.32,1117.3333333333333,1864049.3333333333,7.1,98.94896999999999
1985-09-01,12.17,1.6904083007539146,20.399014130143023,4424.987,108.1,1.43,1052.6666666666667,1904995.6666666667,7.1,99.20615
1985-10-01,12.07,1.7028906507340333,20.551176548676775,4444.094,108.5,1.31,988.0,1945942.0,7.1,99.43951
1985-11-01,11.58,1.7665022086172006,21.326779254708004,4465.3606666666665,109.0,1.13,621.3333333333333,1959566.6666666667,7.0,99.56913
1985-12-01,11.09,1.834448882365079,22.15548990693695,4486.627333333334,109.5,1.02,254.66666666666663,1973191.3333333333,7.0,99.56055
1986-01-01,10.89,1.8635183479749617,22.51009617367424,4507.894,109.9,1.09,-112.0,1986816.0,6.7,99.53886
1986-02-01,10.51,1.9210262686306443,23.211689345456726,4520.376,109.7,0.42,620.6666666666666,2010993.6666666667,7.2,99.50923
1986-03-01,10.1,1.9866279859565068,24.012108115253564,4532.858,109.1,0.47,1353.3333333333333,2035171.3333333333,7.2,99.4894
1986-04-01,9.86,2.026852464629843,24.502913309648875,4545.34,108.7,0.55,2086.0,2059349.0,7.1,99.49501
1986-05-01,10.38,1.9414148815193226,23.46044783237985,4566.116333333333,109.0,0.69,1833.6666666666667,2081334.0,7.2,99.55941
1986-06-01,10.62,1.9040637022952838,23.00473805379843,4586.892666666667,109.4,0.54,1581.3333333333333,2103319.0,7.2,99.44006999999999
1986-07-01,10.4,1.9382537334736316,23.421878634504598,4607.669,109.5,0.77,1329.0,2125304.0,7.0,99.37386
1986-08-01,9.93,2.014976165094419,24.3580023782449,4624.321666666667,109.6,1.01,520.6666666666666,2155147.6666666665,6.9,99.55391
1986-09-01,10.1,1.9866279859565068,24.012108115253564,4640.974333333334,110.0,1.07,-287.66666666666674,2184991.3333333335,7.0,99.64204000000001
1986-10-01,9.89,2.0217478937293585,24.440628911268163,4657.627,110.2,1.08,-1096.0,2214835.0,7.0,99.60774
1986-11-01,9.5,2.08987783795524,25.271919696160413,4679.136666666667,110.4,0.94,-66.0,2225464.6666666665,6.9,99.5957
1986-12-01,9.29,2.128210439447988,25.739614675631703,4700.646333333333,110.8,0.88,964.0,2236094.3333333335,6.6,99.69433000000001
1987-01-01,9.08,2.1677566837880984,26.22208717517507,4722.156,111.4,0.85,1994.0,2246724.0,6.6,99.94775
1987-02-01,9.07,2.16967094964103,26.245440663884356,4750.157333333334,111.8,0.84,2434.6666666666665,2267581.3333333335,6.6,100.1021
1987-03-01,9.03,2.1773567695156544,26.33920444765805,4778.158666666666,112.2,0.97,2875.3333333333335,2288438.6666666665,6.6,100.3269
1987-04-01,10.37,1.9429988168047267,23.479773504239105,4806.16,112.7,0.83,3316.0,2309296.0,6.3,100.5512
1987-05-01,10.7,1.8918906450676929,22.85622530035442,4832.291666666667,113.0,0.8,2586.3333333333335,2322956.3333333335,6.3,100.7702
1987-06-01,10.35,1.9461734306198193,23.518507243274595,4858.423333333333,113.5,0.9,1856.6666666666667,2336616.6666666665,6.2,100.9323
1987-07-01,10.27,1.9589624078602639,23.674548171433976,4884.555,113.8,1.03,1127.0,2350277.0,6.1,101.096
1987-08-01,10.33,1.9493570631576396,23.557351176581992,4925.701333333333,114.3,1.03,1284.3333333333333,2377423.0,6.0,101.3125
1987-09-01,11.02,1.8445321029996562,22.278487348864733,4966.847666666667,114.7,1.03,1441.6666666666667,2404569.0,5.9,101.4843
1987-10-01,10.97,1.8517941739689787,22.367074154078573,5007.994,115.0,1.3,1599.0,2431715.0,6.0,101.5473
1987-11-01,10.55,1.9148276944129015,23.136063074683587,5029.786666666667,115.4,1.26,1226.6666666666667,2450327.0,5.8,101.476
1987-12-01,10.61,1.9055949476767555,23.023419695120108,5051.579333333333,115.6,1.06,854.3333333333334,2468939.0,5.7,101.3538
1988-01-01,10.16,1.9767868295363236,23.892030972223495,5073.372,116.0,1.04,482.0,2487551.0,5.7,101.0232
1988-02-01,9.87,2.025148477074122,24.482121780739472,5112.26,116.2,1.03,802.3333333333333,2507586.0,5.7,100.6953
1988-03-01,9.99,2.004891618283302,24.23495400669599,5151.148,116.5,1.16,1122.6666666666665,2527621.0,5.7,100.5052
1988-04-01,10.28,1.957355820976437,23.654945752632532,5190.036,117.2,1.14,1443.0,2547656.0,5.4,100.5519
1988-05-01,10.58,1.9102015956413394,23.079622484728596,5220.969,117.5,0.99,1806.6666666666667,2565831.6666666665,5.6,100.7337
1988-06-01,10.4,1.9382537334736316,23.421878634504598,5251.902,118.0,0.8,2170.3333333333335,2584007.3333333335,5.4,100.9675
1988-07-01,10.49,1.924138674630652,23.249662843151654,5282.835,118.5,0.73,2534.0,2602183.0,5.4,100.9407
1988-08-01,10.67,1.8964395780614698,22.91172237775602,5321.726333333333,119.0,0.54,2199.3333333333335,2629586.0,5.6,100.719
1988-09-01,10.42,1.935101521273552,23.38341863300209,5360.617666666667,119.5,0.44,1864.6666666666665,2656989.0,5.4,100.5296
1988-10-01,10.22,1.9670297517816053,23.772980585582705,5399.509,119.9,0.4,1530.0,2684392.0,5.4,100.4956
1988-11-01,10.39,1.9398331884539162,23.44114955906525,5436.757,120.3,0.22,1832.0,2703227.3333333335,5.3,100.5151
1988-12-01,10.77,1.8813502866640999,22.7276348996593,5474.005,120.7,0.0,2134.0,2722062.6666666665,5.3,100.4946
1989-01-01,10.6,1.9071283423979888,23.042127615659236,5511.253,121.2,-0.11,2436.0,2740898.0,5.4,100.3517
1989-02-01,10.78,1.8798529012837164,22.709367337586468,5544.989666666666,121.6,-0.23,2844.3333333333335,2760573.0,5.2,100.1241
1989-03-01,11.19,1.8202114046725382,21.981824889517355,5578.726333333333,122.2,-0.43,3252.6666666666665,2780248.0,5.0,99.82473
1989-04-01,11.03,1.8430856874723347,22.26084339823228,5612.463,123.1,-0.2,3661.0,2799923.0,5.2,99.53631
1989-05-01,10.5,1.9225813750375436,23.230662690374857,5640.097,123.7,-0.22,4110.0,2819092.3333333335,5.2,99.13468
1989-06-01,10.07,1.9915803881681222,24.072535259979237,5667.731,124.1,0.02,4559.0,2838261.6666666665,5.3,98.73236999999999
1989-07-01,9.81,2.0354095467597495,24.60732412062558,5695.365,124.5,0.29,5008.0,2857431.0,5.2,98.43771
1989-08-01,10.21,1.968650132301797,23.792751491327277,5712.655666666667,124.5,-0.16,4633.0,2889285.3333333335,5.2,98.31413
1989-09-01,10.16,1.9767868295363236,23.892030972223495,5729.946333333333,124.8,-0.15,4258.0,2921139.6666666665,5.3,98.3646
1989-10-01,9.82,2.033693162234395,24.58638135016333,5747.237,125.4,0.07,3883.0,2952994.0,5.3,98.47801
1989-11-01,9.74,2.047494317005637,24.754778324805894,5789.058333333333,125.9,0.09,4157.666666666667,2985982.0,5.4,98.57809
1989-12-01,9.78,2.0405736794944747,24.670335154228646,5830.879666666667,126.3,0.06,4432.333333333333,3018970.0,5.4,98.68725
1990-01-01,10.05,1.9948938570407029,24.112964909100487,5872.701,127.5,0.15,4707.0,3051958.0,5.4,98.82642
1990-02-01,10.31,1.9525497478209108,23.596305706248426,5901.81,128.0,0.08,3222.666666666667,3082556.6666666665,5.3,99.03891999999999
1990-03-01,10.22,1.9670297517816053,23.772980585582705,5930.919,128.6,0.01,1738.3333333333335,3113155.3333333335,5.2,99.20685999999999
1990-04-01,10.56,1.9132834936735716,23.117223042675022,5960.028,128.9,0.08,254.0,3143754.0,5.4,99.2597
1990-05-01,10.33,1.9493570631576396,23.557351176581992,5978.390666666667,129.1,0.1,614.3333333333333,3173607.0,5.4,99.18343
1990-06-01,10.15,1.9784211581366957,23.911972222262147,5996.753333333333,129.9,0.19,974.6666666666666,3203460.0,5.2,98.98992
1990-07-01,9.98,2.00656632301313,24.255388192253854,6015.116,130.5,0.45,1335.0,3233313.0,5.5,98.68245
1990-08-01,10.24,1.9637959152915332,23.73352335113889,6011.655,131.6,0.79,1164.6666666666667,3277148.6666666665,5.7,98.3827
1990-09-01,10.22,1.9670297517816053,23.772980585582705,6008.194,132.5,0.8,994.3333333333333,3320984.3333333335,5.9,98.06229
1990-10-01,10.17,1.9751548364269012,23.87211824287653,6004.733,133.4,0.88,824.0,3364820.0,5.9,97.7317
1990-11-01,9.9,2.020051288710045,24.41992745999804,6014.881333333334,133.7,0.73,1644.0,3398276.3333333335,6.2,97.40628000000001
1990-12-01,9.68,2.0579511628250113,24.882368599616154,6025.029666666666,134.2,0.93,2464.0,3431732.6666666665,6.3,97.14877
1991-01-01,9.61,2.070267152653901,25.03264244117748,6035.178,134.7,0.98,3284.0,3465189.0,6.4,96.97386999999999
1991-02-01,9.29,2.128210439447988,25.739614675631703,6065.739333333333,134.8,0.98,3681.6666666666665,3489455.3333333335,6.6,96.99493000000001
1991-03-01,9.52,2.086288659596392,25.228127122198376,6096.300666666667,134.8,1.03,4079.3333333333335,3513721.6666666665,6.8,97.24443000000001
1991-04-01,9.53,2.0844980235126114,25.20627900955163,6126.862,135.1,1.22,4477.0,3537988.0,6.7,97.69718
1991-05-01,9.45,2.0988971374502396,25.38196596428764,6153.220333333334,135.6,1.38,3292.333333333333,3580426.3333333335,6.9,98.30886
1991-06-01,9.67,2.059702885620275,24.903742357794457,6179.578666666666,136.0,1.34,2107.6666666666665,3622864.6666666665,6.9,99.02848
1991-07-01,9.5,2.08987783795524,25.271919696160413,6205.937,136.2,1.39,923.0,3665303.0,6.8,99.56333000000001
1991-08-01,9.15,2.154436724357542,26.059584932146265,6225.471333333333,136.6,1.46,970.0,3710768.0,6.9,99.94424000000001
1991-09-01,8.92,2.1987324685122966,26.599970146817565,6245.005666666667,137.0,1.48,1017.0,3756233.0,6.9,100.0572
1991-10-01,8.91,2.200693326334044,26.623890284255275,6264.54,137.2,1.77,1064.0,3801698.0,7.0,99.77213
1991-11-01,8.7,2.2425640249241185,27.134632131250026,6297.394,137.8,2.0,2668.666666666667,3828228.0,7.0,99.27264
1991-12-01,8.35,2.315398395394257,28.022905146429164,6330.248,138.2,1.94,4273.333333333334,3854758.0,7.3,98.94275
1992-01-01,8.68,2.246621757602243,27.184125273644607,6363.102,138.3,2.2,5878.0,3881288.0,7.3,99.06855
1992-02-01,8.83,2.216487233003252,26.8165526561218,6398.989,138.6,2.0,6581.333333333333,3915744.0,7.4,99.57008
1992-03-01,8.98,2.187029163209296,26.457201254607043,6434.876,139.1,1.94,7284.666666666667,3950200.0,7.4,99.98626999999999
1992-04-01,8.85,2.212520834966696,26.768169225355965,6470.763,139.4,2.15,7988.0,3984656.0,7.4,100.1696
1992-05-01,8.6,2.262976976128832,27.38360722629024,6502.722333333333,139.7,2.14,10274.333333333334,4011311.0,7.6,100.2912
1992-06-01,8.43,2.298403821204516,27.81566397655454,6534.681666666666,140.1,2.31,12560.666666666668,4037966.0,7.8,100.2138
1992-07-01,8.05,2.381037560682516,28.823206414663005,6566.641,140.5,2.3,14847.0,4064621.0,7.7,100.0575
1992-08-01,8.01,2.390023632446656,28.932749963158432,6604.695,140.8,2.47,8977.666666666668,4102083.6666666665,7.6,99.81163000000001
1992-09-01,8.02,2.3877718354888233,28.905300166573902,6642.749,141.1,2.57,3108.333333333334,4139546.3333333335,7.6,99.55763
1992-10-01,8.21,2.3456493605077453,28.39176662653862,6680.803,141.7,2.4,-2761.0,4177009.0,7.3,99.6041
1992-11-01,8.29,2.3282828103728814,28.180015398561082,6697.0216666666665,142.1,2.16,1581.666666666667,4194866.0,7.4,99.92116
1992-12-01,8.14,2.361023156064798,28.579206752318303,6713.240333333333,142.3,2.14,5924.333333333334,4212723.0,7.4,100.2268
1993-01-01,7.86,2.4242282706206137,29.34967281188512,6729.459,142.8,2.19,10267.0,4230580.0,7.3,100.4011
1993-02-01,7.53,2.5023952444946738,30.302169869294023,6755.952333333334,143.1,2.11,9920.666666666666,4271036.666666667,7.1,100.3133
1993-03-01,7.5,2.5097070814362032,30.391245805214943,6782.4456666666665,143.3,2.07,9574.333333333334,4311493.333333333,7.0,100.0018
1993-04-01,7.43,2.526905275786147,30.600746036328918,6808.939,143.8,2.22,9228.0,4351950.0,7.1,99.62968000000001
1993-05-01,7.5,2.5097070814362032,30.391245805214943,6833.325333333333,144.2,1.92,6838.666666666666,4371796.333333333,7.1,99.41878
1993-06-01,7.34,2.549303205087644,30.873553477179406,6857.711666666667,144.3,1.77,4449.333333333333,4391642.666666667,7.0,99.29132
1993-07-01,7.25,2.5720283214053516,31.150306191018043,6882.098,144.5,1.7,2060.0,4411489.0,6.9,99.30216
1993-08-01,6.97,2.64488752888684,32.03732062605696,6925.978,144.8,1.57,6163.0,4452888.333333333,6.8,99.41178000000001
1993-09-01,6.95,2.6502201438648045,32.10222404996262,6969.858,145.0,1.51,10266.0,4494287.666666667,6.7,99.6084
1993-10-01,6.86,2.674434443141133,32.396905385837634,7013.738,145.6,1.44,14369.0,4535687.0,6.8,99.90913
1993-11-01,7.31,2.5568415944465817,30.96536256782835,7047.709333333333,146.0,1.61,10334.666666666666,4549081.0,6.6,100.1855
1993-12-01,7.13,2.6028478789097993,31.525568868874963,7081.680666666667,146.3,1.58,6300.333333333333,4562475.0,6.5,100.4386
1994-01-01,6.97,2.64488752888684,32.03732062605696,7115.652,146.3,1.58,2266.0,4575869.0,6.6,100.6118
1994-02-01,7.32,2.5543247450988953,30.934710672156488,7159.411666666667,146.7,1.48,3331.0,4599180.0,6.6,100.7356
1994-03-01,7.8,2.4381379668141085,29.5191982102215,7203.171333333333,147.1,1.56,4396.0,4622491.0,6.5,100.844
1994-04-01,8.32,2.321825658095613,28.101279072394522,7246.931,147.2,1.33,5461.0,4645802.0,6.4,100.9606
1994-05-01,8.53,2.2774527339148185,27.560156505977258,7274.978999999999,147.5,1.16,7696.666666666666,4661451.333333333,6.1,101.0793
1994-06-01,8.46,2.292084657889192,27.73860116612097,7303.027,147.9,1.15,9932.333333333332,4677100.666666667,6.1,101.1583
1994-07-01,8.57,2.269161886739486,27.459040736514968,7331.075,148.4,1.13,12168.0,4692750.0,6.1,101.179
1994-08-01,8.56,2.2712298397707076,27.484261915649622,7372.479333333333,149.0,1.02,6255.0,4728550.0,6.0,101.1994
1994-09-01,8.82,2.2184749384447047,26.840799140885018,7413.883666666667,149.3,1.0,342.0,4764350.0,5.9,101.2671
1994-10-01,9.03,2.1773567695156544,26.33920444765805,7455.288,149.4,0.97,-5571.0,4800150.0,5.8,101.2881
1994-11-01,9.25,2.1356479957808245,25.830357077913703,7477.621666666666,149.8,0.51,-3097.6666666666665,4821472.0,5.6,101.1809
1994-12-01,9.18,2.1487706744611983,25.990458346107502,7499.955333333333,150.1,0.15,-624.333333333333,4842794.0,5.5,100.9439
1995-01-01,9.13,2.158228213663053,26.105841193374285,7522.289,150.5,0.34,1849.0,4864116.0,5.6,100.7182
1995-02-01,8.73,2.2365005339478405,27.06067310279127,7541.858333333334,150.9,0.43,2148.3333333333335,4893201.333333333,5.4,100.3381
1995-03-01,8.38,2.309000846385402,27.94489154163622,7561.4276666666665,151.2,0.4,2447.6666666666665,4922286.666666667,5.4,99.84444
1995-04-01,8.26,2.334770029312846,28.25911621750788,7580.997,151.8,0.47,2747.0,4951372.0,5.8,99.35561
1995-05-01,7.85,2.426537415641093,29.37781653616704,7615.039666666667,152.1,0.41,5121.666666666666,4958909.0,5.6,98.89627
1995-06-01,7.53,2.5023952444946738,30.302169869294023,7649.082333333334,152.4,0.42,7496.333333333333,4966446.0,5.6,98.75338
1995-07-01,7.79,2.44046909350007,29.547607757778263,7683.125,152.6,0.57,9871.0,4973983.0,5.7,98.87215
1995-08-01,7.88,2.419620887539056,29.29351728897456,7712.945333333333,152.9,0.43,7085.333333333334,4978877.0,5.7,98.82167
1995-09-01,7.62,2.480668791775363,30.03746616557878,7742.765666666667,153.1,0.34,4299.666666666667,4983771.0,5.6,98.73958
1995-10-01,7.45,2.52197179429741,30.540650963858166,7772.586,153.5,0.42,1514.0,4988665.0,5.5,98.58495
1995-11-01,7.35,2.546798498009329,30.84304798608908,7804.546666666667,153.7,0.4,4867.333333333334,5031705.333333333,5.6,98.44193
1995-12-01,7.11,2.608043089676177,31.588818674065106,7836.507333333333,153.9,0.4,8220.666666666668,5074745.666666667,5.6,98.36424
1996-01-01,7.0,2.6369212514949956,31.940358188912025,7868.468,154.7,0.67,11574.0,5117786.0,5.6,98.34098
1996-02-01,7.32,2.5543247450988953,30.934710672156488,7923.258666666667,155.0,0.69,10840.666666666666,5132216.0,5.5,98.44072
1996-03-01,7.69,2.4639844968456788,29.834170938462137,7978.049333333333,155.5,0.55,10107.333333333334,5146646.0,5.5,98.67973
1996-04-01,7.92,2.4104495467226346,29.18173156434687,8032.84,156.1,0.63,9374.0,5161076.0,5.6,99.01083
1996-05-01,8.03,2.385523562533743,28.87789303117364,8065.696,156.4,0.58,9441.0,5182321.0,5.6,99.30595
1996-06-01,8.29,2.3282828103728814,28.180015398561082,8098.552000000001,156.7,0.62,9508.0,5203566.0,5.3,99.55668
1996-07-01,8.19,2.3500248032626905,28.445114123983053,8131.408,157.0,0.58,9575.0,5224811.0,5.5,99.53486
1996-08-01,8.09,2.3721075384631907,28.714341503965823,8174.195666666667,157.2,0.62,10505.0,5257598.0,5.1,99.53878
1996-09-01,8.16,2.3566135390080603,28.525445207866316,8216.983333333334,157.7,0.62,11435.0,5290385.0,5.2,99.55099
1996-10-01,7.86,2.4242282706206137,29.34967281188512,8259.771,158.2,0.6,12365.0,5323172.0,5.2,99.6553
1996-11-01,7.52,2.5048286259868107,30.33181480020494,8294.065666666667,158.7,0.47,11550.666666666666,5342411.333333333,5.4,99.91382
1996-12-01,7.64,2.4758828788059537,29.979152622475556,8328.360333333334,159.1,0.55,10736.333333333334,5361650.666666667,5.4,100.1297
1997-01-01,7.88,2.419620887539056,29.29351728897456,8362.655,159.4,0.59,9922.0,5380890.0,5.3,100.1424
1997-02-01,7.65,2.4734956290310643,29.950064787447168,8414.711666666668,159.7,0.47,11879.0,5379310.333333333,5.2,100.0995
1997-03-01,7.97,2.3990662006936487,29.04297741483789,8466.768333333333,159.8,0.47,13836.0,5377730.666666667,5.2,100.1333
1997-04-01,8.08,2.3743348136616897,28.741494395578094,8518.825,159.9,0.43,15793.0,5376151.0,5.1,100.2492
1997-05-01,7.94,2.405885473874706,29.126100008478033,8566.824333333334,159.9,0.45,17353.333333333332,5388482.666666667,4.9,100.4466
1997-06-01,7.58,2.490286486133898,30.15464726192148,8614.823666666667,160.2,0.43,18913.666666666668,5400814.333333333,5.0,100.581
1997-07-01,7.43,2.526905275786147,30.600746036328918,8662.823,160.4,0.28,20474.0,5413146.0,4.9,100.6983
1997-08-01,7.58,2.490286486133898,30.15464726192148,8697.184333333333,160.8,0.37,24590.0,5442893.333333333,4.8,100.6345
1997-09-01,7.28,2.5644165587483245,31.057612602729343,8731.545666666667,161.2,0.32,28706.0,5472640.666666667,4.9,100.5185
1997-10-01,7.21,2.5822349692466506,31.274592156032814,8765.907,161.5,0.21,32822.0,5502388.0,4.7,100.5264
1997-11-01,7.17,2.592507974183732,31.399677605499033,8799.431333333332,161.7,0.1,39811.666666666664,5515734.0,4.6,100.465
1997-12-01,6.99,2.63957233649782,31.972626779667447,8832.955666666667,161.8,0.09,46801.333333333336,5529080.0,4.7,100.3182
1998-01-01,7.12,2.60544337226427,31.55716834021141,8866.48,162.0,0.21,53791.0,5542426.0,4.6,100.1534
1998-02-01,7.09,2.6132552312098207,31.652272331737976,8900.886333333334,162.0,0.07,56123.333333333336,5544262.333333333,4.6,100.0024
1998-03-01,7.08,2.615867672650863,31.684075857319872,8935.292666666666,162.0,0.07,58455.666666666664,5546098.666666667,4.7,99.87062
1998-04-01,7.15,2.5976695299565313,31.462522112671046,8969.699,162.2,0.09,60788.0,5547935.0,4.3,99.68953
1998-05-01,7.07,2.618484372788058,31.71593064894623,9020.165,162.6,0.03,49694.0,5540687.666666667,4.4,99.44782
1998-06-01,6.96,2.647551654085909,32.069746088879505,9070.631,162.8,-0.05,38600.0,5533440.333333333,4.5,99.21769
1998-07-01,6.97,2.64488752888684,32.03732062605696,9121.097,163.2,0.01,27506.0,5526193.0,4.5,99.10845
1998-08-01,6.92,2.658251890373806,32.19997396562418,9178.728333333333,163.4,0.14,34574.333333333336,5555534.333333333,4.5,99.05366
1998-09-01,6.64,2.7351579121507505,33.13565791031199,9236.359666666667,163.5,0.14,41642.666666666664,5584875.666666667,4.6,98.98673000000001
1998-10-01,6.83,2.6825857406215263,32.496092597187754,9293.991,163.9,0.52,48711.0,5614217.0,4.5,98.91798
1998-11-01,6.78,2.696261014118246,32.66248346384437,9333.221333333333,164.1,0.2,48881.333333333336,5626683.0,4.4,98.86853
1998-12-01,6.83,2.6825857406215263,32.496092597187754,9372.451666666668,164.4,0.11,49051.666666666664,5639149.0,4.4,98.93916
1999-01-01,6.74,2.7072827014235745,32.79657487831847,9411.682,164.7,0.08,49222.0,5651615.0,4.3,99.2489
1999-02-01,6.89,2.666323241884129,32.2982001296121,9449.858,164.7,0.16,40325.333333333336,5647336.666666667,4.4,99.55431999999999
1999-03-01,6.98,2.6422277593297694,32.004947557555724,9488.034,164.8,0.26,31428.666666666668,5643058.333333333,4.2,99.78156
1999-04-01,6.93,2.6555702530183423,32.167337883819165,9526.21,165.9,0.28,22532.0,5638780.0,4.3,99.96465
1999-05-01,7.23,2.577123384409881,31.212349631382313,9579.681999999999,166.0,0.22,27259.0,5644610.333333333,4.2,100.1734
1999-06-01,7.63,2.4782739305049906,30.008286385292443,9633.154,166.0,0.28,31986.0,5650440.666666667,4.3,100.3079
1999-07-01,7.7,2.4616161425995378,29.805311404016983,9686.626,166.7,0.29,36713.0,5656271.0,4.3,100.3333
1999-08-01,7.8,2.4381379668141085,29.5191982102215,9757.807,167.1,0.25,30331.666666666668,5696211.0,4.2,100.4772
1999-09-01,7.76,2.4474846389734517,29.633104382977823,9828.988,167.8,0.27,23950.333333333336,5736151.0,4.2,100.7173
1999-10-01,7.96,2.4013357230973127,29.070641759045884,9900.169,168.1,0.23,17569.0,5776091.0,4.1,100.9027
1999-11-01,7.75,2.4498305672839913,29.66169287547248,9934.172333333334,168.4,0.17,22659.0,5775191.333333333,4.1,101.00200000000001
1999-12-01,8.06,2.3787998178516188,28.795926769368666,9968.175666666666,168.8,0.21,27749.0,5774291.666666667,4.0,100.9614
2000-01-01,8.25,2.3369391478888186,28.28556451919639,10002.179,169.3,0.07,32839.0,5773392.0,4.0,100.8053
2000-02-01,8.31,2.3239747124038668,28.127484144703665,10084.026,170.0,-0.11,29785.666666666668,5744240.666666667,4.1,100.6102
2000-03-01,8.23,2.341287493214759,28.33858363546038,10165.873,171.0,-0.47,26732.333333333332,5715089.333333333,4.0,100.417
2000-04-01,8.13,2.363233122921216,28.606150011299743,10247.72,170.9,-0.45,23679.0,5685938.0,3.8,100.2272
2000-05-01,8.62,2.2588694312705546,27.333509179659906,10271.201666666666,171.2,-0.4,24237.666666666668,5682018.333333333,4.0,99.99604000000001
2000-06-01,8.22,2.3434667332776526,28.36515460723994,10294.683333333334,172.2,-0.35,24796.333333333332,5678098.666666667,4.0,99.77863
2000-07-01,8.13,2.363233122921216,28.606150011299743,10318.165,172.7,-0.26,25355.0,5674179.0,4.0,99.62845
2000-08-01,7.99,2.3945378264160357,28.98777787021996,10357.358,172.7,-0.45,27056.0,5670191.333333333,4.1,99.41608000000001
2000-09-01,7.88,2.419620887539056,29.29351728897456,10396.551000000001,173.6,-0.18,28757.0,5666203.666666667,3.9,99.22309
2000-10-01,7.68,2.466356615043733,29.863075955226208,10435.744,173.9,-0.17,30458.0,5662216.0,3.9,98.97842
2000-11-01,7.73,2.4545335882392183,29.719004810457772,10447.239666666666,174.2,-0.13,-20201.666666666664,5699390.666666667,3.9,98.60701
2000-12-01,7.13,2.6028478789097993,31.525568868874963,10458.735333333334,174.6,0.01,-70861.33333333333,5736565.333333333,3.9,98.05298
2001-01-01,7.15,2.5976695299565313,31.462522112671046,10470.231,175.6,0.57,-121521.0,5773740.0,4.2,97.60673
2001-02-01,7.12,2.60544337226427,31.55716834021141,10513.154,176.0,0.51,-75963.33333333334,5758098.333333333,4.2,97.43987
2001-03-01,6.91,2.6609379282708314,32.23266296375485,10556.077,176.1,0.75,-30405.66666666667,5742456.666666667,4.3,97.49767
2001-04-01,7.12,2.60544337226427,31.55716834021141,10599.0,176.4,1.05,15152.0,5726815.0,4.4,97.5994
2001-05-01,7.2,2.5847969783907647,31.30578832044158,10598.673333333334,177.3,1.21,30582.666666666664,5753698.0,4.3,97.71287
2001-06-01,7.11,2.608043089676177,31.588818674065106,10598.346666666666,177.7,1.17,46013.33333333333,5780581.0,4.5,97.96347
2001-07-01,7.03,2.6289939348134523,31.84386450807296,10598.02,177.4,1.28,61444.0,5807464.0,4.6,98.25486
2001-08-01,6.92,2.658251890373806,32.19997396562418,10618.835000000001,177.4,1.21,71529.66666666667,5852789.0,4.9,98.46141999999999
2001-09-01,6.72,2.7128209072249914,32.86394921498317,10639.65,178.1,1.74,81615.33333333333,5898114.0,5.0,98.31409000000001
2001-10-01,6.64,2.7351579121507505,33.13565791031199,10660.465,177.6,1.86,91701.0,5943439.0,5.3,97.9914
2001-11-01,7.02,2.631632059496838,31.875977156023545,10701.476666666667,177.5,1.94,66204.66666666667,5964303.333333333,5.5,98.13379
2001-12-01,7.16,2.5950866571996007,31.43107462781543,10742.488333333333,177.4,2.0,40708.333333333336,5985167.666666667,5.7,98.5713
2002-01-01,6.96,2.647551654085909,32.069746088879505,10783.5,177.7,1.91,15212.0,6006032.0,5.7,99.17805
2002-02-01,6.81,2.6880423371277598,32.56248658001896,10818.153333333334,178.0,1.82,17812.666666666668,6046177.666666667,5.7,99.8114
2002-03-01,7.18,2.589933472379813,31.36833094627764,10852.806666666665,178.5,1.7,20413.333333333332,6086323.333333333,5.7,100.2368
2002-04-01,6.88,2.6690225357508965,32.33104850823101,10887.46,179.3,1.87,23014.0,6126469.0,5.9,100.40299999999999
2002-05-01,6.76,2.701762762124859,32.72941991864615,10919.653333333334,179.5,1.86,30929.0,6160391.333333333,5.8,100.4149
2002-06-01,6.55,2.7606439403407963,33.445613253604705,10951.846666666666,179.6,1.96,38844.0,6194313.666666667,5.8,100.2348
2002-07-01,6.34,2.8216201328651054,34.1869320672068,10984.04,180.0,2.28,46759.0,6228236.0,5.8,99.84805
2002-08-01,6.22,2.8574401206305367,34.622237488348034,11009.837666666668,180.5,2.0,44960.333333333336,6287393.0,5.7,99.57523
2002-09-01,5.99,2.92815912269124,35.481256906595256,11035.635333333334,180.8,1.91,43161.666666666664,6346550.0,5.7,99.44055999999999
2002-10-01,6.31,2.8305074387360434,34.29494820073819,11061.433,181.2,2.25,41363.0,6405707.0,5.7,99.37789000000001
2002-11-01,6.13,2.884784950566726,34.954457211559905,11098.998333333335,181.5,2.14,39145.333333333336,6424063.333333333,5.9,99.45414
2002-12-01,5.93,2.9470666790973716,35.710833572276826,11136.563666666667,181.8,2.22,36927.666666666664,6442419.666666667,6.0,99.64390999999999
2003-01-01,5.9,2.956593314549744,35.826491492425625,11174.129,182.6,2.28,34710.0,6460776.0,5.8,99.57600000000001
2003-02-01,5.79,2.9919457721492915,36.25559804025468,11220.341333333334,183.6,2.18,37141.666666666664,6530557.666666667,5.9,99.20768000000001
2003-03-01,5.91,2.95341234211253,35.78787408950178,11266.553666666667,183.9,2.32,39573.333333333336,6600339.333333333,5.9,98.82608
2003-04-01,5.79,2.9919457721492915,36.25559804025468,11312.766,183.2,2.38,42005.0,6670121.0,6.0,98.77409
2003-05-01,5.31,3.1543123532463997,38.22452463757265,11397.400333333333,182.9,2.04,44395.333333333336,6707854.0,6.1,99.05656
2003-06-01,5.24,3.1791450928849896,38.525376481697485,11482.034666666666,183.1,2.22,46785.666666666664,6745587.0,6.3,99.41449
2003-07-01,5.94,2.9439019656110417,35.67241019549077,11566.669,183.7,2.69,49176.0,6783320.0,6.2,99.81785
2003-08-01,6.32,2.827540024177139,34.25888320842428,11635.190666666667,184.5,2.5,39140.666666666664,6854868.0,6.1,100.2185
2003-09-01,5.98,2.9312969658227788,35.51935951859497,11703.712333333333,185.1,2.46,29105.333333333332,6926416.0,6.1,100.5456
2003-10-01,5.94,2.9439019656110417,35.67241019549077,11772.234,184.9,2.48,19070.0,6997964.0,6.0,101.0137
2003-11-01,5.89,2.959779729591563,35.865173833707146,11822.638333333334,185.0,2.28,39218.33333333333,7042332.0,5.8,101.5524
2003-12-01,5.85,2.9725800466850916,36.02055522653726,11873.042666666666,185.5,2.43,59366.666666666664,7086700.0,5.7,101.9581
2004-01-01,5.68,3.0279723427293637,36.69274016100461,11923.447,186.3,2.32,79515.0,7131068.0,5.7,102.1086
2004-02-01,5.58,3.06132215055965,37.09726827985274,11986.569666666666,186.7,2.33,71908.0,7178823.666666667,5.6,102.1115
2004-03-01,5.4,3.1228283326335395,37.84298262477845,12049.692333333334,187.1,2.26,64301.0,7226579.333333333,5.8,102.1088
2004-04-01,6.01,2.921899445573713,35.40524284487529,12112.815,187.4,2.22,56694.0,7274335.0,5.6,102.1198
2004-05-01,6.32,2.827540024177139,34.25888320842428,12176.979000000001,188.2,2.12,63714.666666666664,7309241.0,5.6,102.0653
2004-06-01,6.25,2.8484171488714805,34.51259764269054,12241.143,188.9,1.92,70735.33333333333,7344147.0,5.6,101.9119
2004-07-01,6.08,2.9001574960953516,35.14118734341394,12305.307,189.1,1.82,77756.0,7379053.0,5.5,101.7041
2004-08-01,5.82,2.9822379992644406,36.13777962083491,12379.276,189.2,1.72,66866.33333333333,7451416.333333333,5.4,101.40799999999999
2004-09-01,5.72,3.0147927781142725,36.5328382569125,12453.245,189.8,1.51,55976.66666666667,7523779.666666667,5.4,101.1189
2004-10-01,5.64,3.0412431500796786,36.853728660139964,12527.214,190.8,1.49,45087.0,7596143.0,5.5,100.9361
2004-11-01,5.72,3.0147927781142725,36.5328382569125,12607.238,191.7,1.34,51240.333333333336,7656408.333333333,5.4,100.8982
2004-12-01,5.81,2.985468372316501,36.17698624544065,12687.262,191.7,1.16,57393.666666666664,7716673.666666667,5.4,100.8997
2005-01-01,5.66,3.0345962924606766,36.773098031414676,12767.286,191.6,0.85,63547.0,7776939.0,5.3,100.7508
2005-02-01,5.69,3.024668927890398,36.65266316284562,12819.076000000001,192.4,0.77,77834.66666666667,7796791.333333333,5.4,100.5531
2005-03-01,6.04,2.912549784417115,35.29169772661683,12870.866,193.1,0.7,92122.33333333333,7816643.666666667,5.2,100.3384
2005-04-01,5.78,2.995192822509225,36.295003480137446,12922.656,193.7,0.55,106410.0,7836496.0,5.2,100.11200000000001
2005-05-01,5.65,3.0379168516832626,36.813379181366294,12995.984666666667,193.6,0.4,90737.66666666667,7868567.333333333,5.1,100.0
2005-06-01,5.53,3.078214739490669,37.30212279180263,13069.313333333334,193.7,0.28,75065.33333333333,7900638.666666667,5.0,100.1444
2005-07-01,5.77,2.998445455598387,36.33447546196151,13142.642,194.9,0.26,59393.0,7932710.0,5.0,100.3713
2005-08-01,5.77,2.998445455598387,36.33447546196151,13203.162666666667,196.1,0.18,78273.33333333333,8011944.333333333,4.9,100.53399999999999
2005-09-01,5.91,2.95341234211253,35.78787408950178,13263.683333333332,198.8,0.16,97153.66666666666,8091178.666666667,5.0,100.8182
2005-10-01,6.15,2.878672304293036,34.88019992063028,13324.204,199.1,0.17,116034.0,8170413.0,5.0,100.9365
2005-11-01,6.28,2.839439683160429,34.40350230668387,13415.856,198.1,0.07,107852.0,8237327.333333333,5.0,100.8411
2005-12-01,6.22,2.8574401206305367,34.622237488348034,13507.508,198.1,-0.02,99670.0,8304241.666666667,4.9,100.6277
2006-01-01,6.12,2.8878490458539225,34.99167876931658,13599.16,199.3,-0.01,91488.0,8371156.0,4.7,100.4539
2006-02-01,6.26,2.8454196181777673,34.476172192024265,13650.581333333334,199.4,-0.14,79842.0,8387451.333333333,4.8,100.3756
2006-03-01,6.35,2.8186676353426776,34.151045678879164,13702.002666666667,199.7,0.04,68196.0,8403746.666666666,4.7,100.3438
2006-04-01,6.58,2.7521062027219174,33.34178620590637,13753.424,200.7,0.2,56550.0,8420042.0,4.7,100.3271
2006-05-01,6.62,2.740788591131775,33.2041423503424,13792.345333333335,201.3,0.08,66663.33333333333,8449019.333333334,4.6,100.1884
2006-06-01,6.78,2.696261014118246,32.66248346384437,13831.266666666666,201.8,-0.01,76776.66666666667,8477996.666666666,4.6,100.0563
2006-07-01,6.72,2.7128209072249914,32.86394921498317,13870.188,202.9,0.02,86890.0,8506974.0,4.7,99.99863
2006-08-01,6.44,2.7923167467870504,33.830722259911056,13926.645333333334,203.8,-0.05,114415.66666666667,8564724.0,4.7,99.91028
2006-09-01,6.31,2.8305074387360434,34.29494820073819,13983.102666666666,202.8,-0.07,141941.33333333334,8622474.0,4.5,99.72649
2006-10-01,6.4,2.803979215896674,33.97250079556769,14039.56,201.9,-0.1,169467.0,8680224.0,4.4,99.5332
2006-11-01,6.14,2.881726040339441,34.91729763701641,14098.257,202.0,-0.16,157523.0,8736704.333333334,4.5,99.3963
2006-12-01,6.18,2.869542032837867,34.76927667406107,14156.954,203.1,-0.11,145579.0,8793184.666666666,4.4,99.3778
2007-01-01,6.25,2.8484171488714805,34.51259764269054,14215.651,203.437,-0.11,133635.0,8849665.0,4.6,99.36251999999999
2007-02-01,6.22,2.8574401206305367,34.622237488348034,14277.794666666667,204.226,-0.09,138963.0,8855669.0,4.5,99.47536
2007-03-01,6.16,2.8756237315744393,34.843163937626436,14339.938333333334,205.288,0.07,144291.0,8861673.0,4.4,99.60925
2007-04-01,6.16,2.8756237315744393,34.843163937626436,14402.082,205.904,0.03,149619.0,8867677.0,4.5,99.79961
2007-05-01,6.42,2.798138221592477,33.901494591755046,14456.093666666668,206.755,-0.02,160273.33333333334,8914335.666666666,4.4,99.91326
2007-06-01,6.67,2.726746834460165,33.033350589375964,14510.105333333333,207.234,0.16,170927.66666666666,8960994.333333334,4.6,99.92334
2007-07-01,6.69,2.7211626310181587,32.96542396916768,14564.117,207.603,0.22,181582.0,9007653.0,4.7,99.79557
2007-08-01,6.45,2.789413303829558,33.79542350314481,14614.430666666667,207.667,0.39,132356.0,9081492.666666666,4.6,99.61118
2007-09-01,6.42,2.798138221592477,33.901494591755046,14664.744333333334,208.547,0.62,83130.0,9155332.333333334,4.7,99.45094
2007-10-01,6.33,2.8245775923524956,34.222877870528855,14715.058,209.19,0.54,33904.0,9229172.0,4.7,99.33586
2007-11-01,6.1,2.8939928352544615,35.066308336092234,14712.218,210.834,0.93,11267.666666666668,9298646.0,4.7,99.23241
2007-12-01,6.17,2.872580311356492,34.80618956350866,14709.378,211.445,0.99,-11368.666666666664,9368120.0,5.0,99.14535
2008-01-01,5.68,3.0279723427293637,36.69274016100461,14706.538,212.174,1.5,-34005.0,9437594.0,5.0,99.13264000000001
2008-02-01,6.24,2.851419735775925,34.549083594247676,14759.592333333334,212.687,1.88,-20103.666666666664,9455731.333333334,4.9,99.03803
2008-03-01,5.85,2.9725800466850916,36.02055522653726,14812.646666666666,213.448,1.83,-6202.333333333332,9473868.666666666,5.1,99.01328000000001
2008-04-01,6.03,2.9156610391191666,35.3294828073237,14865.701,213.942,1.48,7699.0,9492006.0,5.0,99.08108
2008-05-01,6.08,2.9001574960953516,35.14118734341394,14876.800333333333,215.208,1.4,-3775.333333333334,9669579.0,5.4,99.22625
2008-06-01,6.45,2.789413303829558,33.79542350314481,14887.899666666666,217.463,1.36,-15249.666666666668,9847152.0,5.6,99.32800999999999
2008-07-01,6.52,2.7692244257908407,33.54995298387652,14898.999,219.016,1.47,-26724.0,10024725.0,5.8,99.23626999999999
2008-08-01,6.4,2.803979215896674,33.97250079556769,14802.069,218.69,1.47,-29447.666666666668,10249751.666666666,6.1,98.80284
2008-09-01,6.09,2.897072551256342,35.103716596628786,14705.139000000001,218.877,1.85,-32171.333333333332,10474778.333333334,6.1,97.92882
2008-10-01,6.46,2.7865147103546835,33.76018286349503,14608.209,216.995,2.45,-34895.0,10699805.0,6.5,96.97589
2008-11-01,5.97,2.9344401603629935,35.557526023708995,14549.106666666667,213.153,1.93,-34952.333333333336,10842183.666666666,6.8,96.22255
2008-12-01,5.1,3.229736381052649,39.13805851122239,14490.004333333334,211.398,1.49,-35009.666666666664,10984562.333333334,7.3,95.79786999999999
2009-01-01,5.1,3.229736381052649,39.13805851122239,14430.902,211.933,1.93,-35067.0,11126941.0,7.8,95.83675
2009-02-01,5.07,3.2407407663476304,39.271283577617986,14414.346666666666,212.705,2.02,-32645.0,11266385.666666666,8.3,96.06279
2009-03-01,4.85,3.3232520839629616,40.26971593973094,14397.791333333334,212.495,1.9,-30223.0,11405830.333333334,8.7,96.45823
2009-04-01,4.78,3.3501903557371038,40.595492465107675,14381.236,212.709,2.25,-27801.0,11545275.0,9.0,97.06013
2009-05-01,4.91,3.300428262957962,39.9936231179415,14403.784666666666,213.022,2.55,-27576.666666666668,11666792.666666666,9.4,97.71999
2009-06-01,5.42,3.1158988152061005,37.75899039835088,14426.333333333334,214.79,2.42,-27352.333333333332,11788310.333333334,9.5,98.38803
2009-07-01,5.25,3.1755788678911467,38.4821759027966,14448.882,214.726,2.39,-27128.0,11909828.0,9.5,99.07358
2009-08-01,5.14,3.215154220507678,38.96149533552198,14516.337666666666,215.445,2.43,-23737.333333333332,12043668.333333334,9.6,99.6423
2009-09-01,5.04,3.251803656307451,39.40520141320746,14583.793333333333,215.861,2.36,-20346.666666666668,12177508.666666666,9.8,99.9725
2009-10-01,5.03,3.2555043531796195,39.44999538457114,14651.249,216.509,2.51,-16956.0,12311349.0,10.0,100.2061
2009-11-01,4.78,3.3501903557371038,40.595492465107675,14689.036,217.234,2.54,-19495.333333333332,12465273.666666666,9.9,100.3296
2009-12-01,5.14,3.215154220507678,38.96149533552198,14726.823,217.347,2.71,-22034.666666666668,12619198.333333334,9.9,100.5614
2010-01-01,4.98,3.2741064788377323,39.67513266236745,14764.61,217.488,2.81,-24574.0,12773123.0,9.8,100.8952
2010-02-01,5.05,3.2481095023138566,39.36048489486725,14836.471,217.281,2.8,-24313.0,12916012.666666666,9.8,101.1344
2010-03-01,4.99,3.270372853918592,39.62994901306882,14908.332,217.353,2.82,-24052.0,13058902.333333334,9.9,101.334
2010-04-01,5.06,3.2444218770364874,39.31584566954987,14980.193,217.403,2.72,-23791.0,13201792.0,9.9,101.2729
2010-05-01,4.78,3.3501903557371038,40.595492465107675,15033.997666666666,217.29,2.55,-29407.666666666668,13321735.333333334,9.6,100.9857
2010-06-01,4.69,3.385324513665983,41.02024186435493,15087.802333333333,217.199,2.36,-35024.333333333336,13441678.666666666,9.4,100.6463
2010-07-01,4.54,3.445158106443521,41.74321311962331,15141.607,217.605,2.39,-40641.0,13561622.0,9.4,100.4564
2010-08-01,4.36,3.5191307471985853,42.63635823991596,15197.562666666667,217.923,2.0,-33372.333333333336,13716153.0,9.5,100.4313
2010-09-01,4.32,3.535899778724591,42.83872338270856,15253.518333333333,218.275,2.11,-26103.666666666664,13870684.0,9.5,100.5451
2010-10-01,4.23,3.5740798685779285,43.299327912334334,15309.474,219.035,2.29,-18835.0,14025215.0,9.4,100.7784
2010-11-01,4.4,3.502483196504857,42.43542091082168,15323.465333333334,219.59,2.36,-21047.0,14106848.0,9.8,101.0263
2010-12-01,4.86,3.3194311534672796,40.223500033371764,15337.456666666667,220.472,2.69,-23259.0,14188481.0,9.3,101.2197
2011-01-01,4.8,3.3424593145285377,40.50200727791008,15351.448,221.187,2.84,-25471.0,14270114.0,9.1,101.3655
2011-02-01,4.95,3.2853471827719662,39.81115478527452,15420.145,221.898,2.73,-33043.666666666664,14294438.333333334,9.0,101.4195
2011-03-01,4.86,3.3194311534672796,40.223500033371764,15488.842,223.046,2.67,-40616.333333333336,14318762.666666666,9.0,101.3179
2011-04-01,4.78,3.3501903557371038,40.595492465107675,15557.539,224.093,2.71,-48189.0,14343087.0,9.1,101.0561
2011-05-01,4.6,3.4210306429227955,41.45173792546944,15587.586000000001,224.806,2.6,-43461.333333333336,14492171.333333334,9.0,100.6353
2011-06-01,4.51,3.4573201361258965,41.890108460303324,15617.633,224.806,2.73,-38733.666666666664,14641255.666666666,9.1,100.3688
2011-07-01,4.55,3.441118712532151,41.694420120891635,15647.68,225.395,2.46,-34006.0,14790340.0,9.0,100.0838
2011-08-01,4.22,3.5783609415074698,43.35096217433737,15712.539666666667,226.106,2.03,-33833.0,14934540.0,9.0,99.89833
2011-09-01,4.01,3.6700996280723164,44.45681211385521,15777.399333333333,226.597,1.67,-33660.0,15078740.0,9.0,99.77426
2011-10-01,4.1,3.630349671439338,43.97779725853563,15842.259,226.75,1.92,-33487.0,15222940.0,8.8,99.68117
2011-11-01,3.98,3.683496663838728,44.618205555617244,15917.774333333333,227.169,1.83,-39295.0,15350799.333333334,8.6,99.69808
2011-12-01,3.95,3.6969680482734333,44.7804690399625,15993.289666666667,227.223,1.64,-45103.0,15478658.666666666,8.5,99.81860999999999
2012-01-01,3.98,3.683496663838728,44.618205555617244,16068.805,227.842,1.61,-50911.0,15606518.0,8.3,99.95617
2012-02-01,3.95,3.6969680482734333,44.7804690399625,16114.908333333333,228.329,1.68,-42356.333333333336,15689357.666666666,8.3,100.0671
2012-03-01,3.99,3.679022748856742,44.564311342566356,16161.011666666667,228.807,1.9,-33801.66666666667,15772197.333333334,8.2,100.1241
2012-04-01,3.88,3.7286932265349475,45.1624985040684,16207.115,229.187,1.68,-25247.0,15855037.0,8.2,100.0934
2012-05-01,3.75,3.788714590886393,45.884872776283075,16244.590333333334,228.713,1.32,-26777.333333333332,15925438.0,8.2,99.90049
2012-06-01,3.66,3.831126371447714,46.39499841659783,16282.065666666665,228.524,1.34,-28307.666666666668,15995839.0,8.2,99.61568
2012-07-01,3.49,3.9132109432873774,47.38156493589981,16319.541,228.59,1.28,-29838.0,16066240.0,8.2,99.44756
2012-08-01,3.59,3.864609600620191,46.797548373166826,16353.167,229.918,1.35,-20265.333333333336,16188403.333333334,8.1,99.4297
2012-09-01,3.4,3.9577401130154573,47.91634552854923,16386.793,231.015,1.42,-10692.666666666668,16310566.666666666,7.8,99.43368000000001
2012-10-01,3.41,3.9527550608710773,47.85649114200311,16420.419,231.638,1.42,-1120.0,16432730.0,7.8,99.34209
2012-11-01,3.32,3.9979611783852382,48.399137141333604,16496.342333333334,231.249,1.37,3500.333333333333,16545613.666666666,7.7,99.28815999999999
2012-12-01,3.35,3.982806987892087,48.217262480300924,16572.265666666666,231.221,1.53,8120.666666666666,16658497.333333334,7.9,99.4594
2013-01-01,3.53,3.8936608965845525,47.14668376823127,16648.189,231.679,1.75,12741.0,16771381.0,8.0,99.77489
2013-02-01,3.51,3.9034175581863377,47.2639107187058,16675.021666666667,232.937,1.64,245.0,16760360.666666666,7.7,99.9356
2013-03-01,3.57,3.87425708218258,46.91350440143342,16701.854333333333,232.282,1.62,-12251.0,16749340.333333334,7.5,99.79563
2013-04-01,3.4,3.9577401130154573,47.91634552854923,16728.687,231.797,1.48,-24747.0,16738320.0,7.6,99.57814
2013-05-01,3.81,3.7608323491488163,45.54936622922599,16803.737333333334,231.893,1.86,-20663.0,16738273.333333334,7.5,99.55011
2013-06-01,4.46,3.477737313679724,42.1366660137326,16878.787666666667,232.445,2.16,-16579.0,16738226.666666666,7.5,99.77454
2013-07-01,4.31,3.540111144156166,42.88953917213574,16953.838,232.9,2.29,-12495.0,16738180.0,7.3,100.0942
2013-08-01,4.51,3.4573201361258965,41.890108460303324,17033.231666666667,233.456,2.39,-24304.666666666664,16877493.0,7.2,100.3726
2013-09-01,4.32,3.535899778724591,42.83872338270856,17112.625333333333,233.544,2.31,-36114.33333333333,17016806.0,7.2,100.5062
2013-10-01,4.1,3.630349671439338,43.97779725853563,17192.019,233.669,2.26,-47924.0,17156119.0,7.2,100.5452
2013-11-01,4.29,3.548556922645865,42.99144147778789,17193.925333333333,234.1,2.47,-36857.666666666664,17304488.333333332,6.9,100.5154
2013-12-01,4.48,3.469548276199541,42.03778210642037,17195.83166666667,234.719,2.66,-25791.333333333332,17452857.666666668,6.7,100.3794
2014-01-01,4.32,3.535899778724591,42.83872338270856,17197.738,235.288,2.33,-14725.0,17601227.0,6.6,100.199
2014-02-01,4.37,3.5149575125971237,42.585990517770156,17304.661333333333,235.547,2.33,-8902.333333333332,17611686.666666668,6.7,100.2495
2014-03-01,4.4,3.502483196504857,42.43542091082168,17411.58466666667,236.028,2.29,-3079.666666666666,17622146.333333332,6.7,100.3578
2014-04-01,4.33,3.5316960732089893,42.78799758324153,17518.508,236.468,2.25,2743.0,17632606.0,6.2,100.4506
2014-05-01,4.12,3.6216052822438103,43.87239142404251,17613.748,236.918,2.11,8311.0,17696427.666666668,6.3,100.5118
2014-06-01,4.14,3.61289292212841,43.76736101564428,17708.988,237.231,2.06,13879.0,17760249.333333332,6.1,100.5569
2014-07-01,4.12,3.6216052822438103,43.87239142404251,17804.228,237.498,2.05,19447.0,17824071.0,6.2,100.6601
2014-08-01,4.1,3.630349671439338,43.97779725853563,17840.178333333333,237.46,1.87,8355.0,17929862.0,6.1,100.7984
2014-09-01,4.2,3.5869465990203127,43.45450659458588,17876.128666666667,237.477,1.94,-2737.0,18035653.0,5.9,100.8146
2014-10-01,3.98,3.683496663838728,44.618205555617244,17912.079,237.43,1.85,-13829.0,18141444.0,5.7,100.8334
2014-11-01,3.97,3.687978839753047,44.67219643975125,17962.562333333335,236.983,1.71,-6159.0,18144981.333333332,5.8,100.7355
2014-12-01,3.87,3.7332590348764105,45.21746742807909,18013.045666666665,236.252,1.5,1511.0,18148518.666666668,5.6,100.4709
2015-01-01,3.66,3.831126371447714,46.39499841659783,18063.529,234.747,1.21,9181.0,18152056.0,5.7,100.2009
2015-02-01,3.8,3.7654578238187706,45.60503220872657,18135.613999999998,235.342,1.37,10174.666666666666,18152036.666666668,5.5,99.98761999999999
2015-03-01,3.69,3.8169099482253492,46.22403329519236,18207.699,235.976,1.38,11168.333333333334,18152017.333333332,5.4,99.84135
2015-04-01,3.68,3.821639913852863,46.28091857733862,18279.784,236.222,1.47,12162.0,18151998.0,5.4,99.80164
2015-05-01,3.87,3.7332590348764105,45.21746742807909,18320.398,237.001,1.51,-5086.0,18151538.0,5.6,99.86176
2015-06-01,4.02,3.665650385576251,44.4032066914451,18361.012,237.657,1.71,-22334.0,18151078.0,5.3,99.85343
2015-07-01,3.98,3.683496663838728,44.618205555617244,18401.626,238.034,1.53,-39582.0,18150618.0,5.2,99.71892
2015-08-01,3.84,3.747007335375231,45.38296872448778,18412.796333333332,238.033,1.47,-36651.0,18407805.0,5.1,99.51942
2015-09-01,3.86,3.7378333098030754,45.272535299518296,18423.966666666667,237.498,1.42,-33720.0,18664992.0,5.0,99.30373
2015-10-01,3.76,3.7840459203471344,45.82870252674967,18435.137,237.733,1.41,-30789.0,18922179.0,5.0,99.10831999999999
2015-11-01,3.95,3.6969680482734333,44.7804690399625,18465.40233333333,238.017,1.27,-30965.333333333332,19036432.333333332,5.1,98.95155
2015-12-01,4.01,3.6700996280723164,44.45681211385521,18495.667666666668,237.761,1.21,-31141.666666666668,19150685.666666668,5.0,98.89609
2016-01-01,3.79,3.770091898933351,45.66079861471971,18525.933,237.652,1.18,-31318.0,19264939.0,4.8,98.98419
2016-02-01,3.62,3.850205951206756,46.624401352760685,18587.856,237.336,0.96,-41621.333333333336,19303823.0,4.9,99.20454000000001
2016-03-01,3.71,3.807476444016729,46.11057091200631,18649.779000000002,238.08,1.05,-51924.66666666667,19342707.0,5.0,99.44843
2016-04-01,3.66,3.831126371447714,46.39499841659783,18711.702,238.992,1.06,-62228.0,19381591.0,5.1,99.57745
2016-05-01,3.64,3.8406483304727117,46.509492086915294,18772.014333333333,239.557,0.97,-46732.333333333336,19445542.333333332,4.8,99.68911
2016-06-01,3.48,3.918121459140238,47.44055284015312,18832.326666666668,240.222,0.91,-31236.666666666668,19509493.666666668,4.9,99.7663
2016-07-01,3.48,3.918121459140238,47.44055284015312,18892.639,240.101,0.79,-15741.0,19573445.0,4.8,99.67638000000001
2016-08-01,3.43,3.942813108556646,47.73710950147045,18958.219,240.545,0.78,-22358.666666666668,19707905.666666668,4.9,99.51491
2016-09-01,3.42,3.947779399805589,47.79674587729437,19023.799,241.176,0.83,-28976.333333333336,19842366.333333332,5.0,99.56263
2016-10-01,3.47,3.923041218361558,47.499648246915854,19089.379,241.741,0.98,-35594.0,19976827.0,4.9,99.73806
2016-11-01,4.03,3.661209330625011,44.34969712661305,19152.947333333334,242.026,1.26,-49038.0,19933358.0,4.7,100.015
2016-12-01,4.32,3.535899778724591,42.83872338270856,19216.515666666666,242.637,1.25,-62482.0,19889889.0,4.7,100.3356
2017-01-01,4.19,3.591251218420755,43.50641714033135,19280.084,243.618,1.26,-75926.0,19846420.0,4.7,100.6217
2017-02-01,4.16,3.6042124490152463,43.66270445446784,19332.936999999998,244.006,1.14,-56828.33333333333,19845798.0,4.6,100.7861
2017-03-01,4.14,3.61289292212841,43.76736101564428,19385.79,243.892,1.13,-37730.666666666664,19845176.0,4.4,100.735
2017-04-01,4.03,3.661209330625011,44.34969712661305,19438.643,244.193,1.01,-18633.0,19844554.0,4.4,100.5796
2017-05-01,3.95,3.6969680482734333,44.7804690399625,19523.29366666667,244.004,0.93,-17426.666666666668,19978002.666666668,4.4,100.5768
2017-06-01,3.88,3.7286932265349475,45.1624985040684,19607.944333333333,244.163,0.93,-16220.333333333334,20111451.333333332,4.3,100.7531
2017-07-01,3.92,3.7105142811078045,44.94360810268697,19692.595,244.243,0.96,-15014.0,20244900.0,4.3,100.9291
2017-08-01,3.82,3.7562154556561502,45.49380046345448,19807.426,245.183,0.79,1504.3333333333321,20327515.666666668,4.4,101.1861
2017-09-01,3.83,3.751607124121841,45.43833469913603,19922.257,246.435,0.86,18022.666666666664,20410131.333333332,4.3,101.3573
2017-10-01,3.94,3.701475117942856,44.83475116656963,20037.088,246.626,0.78,34541.0,20492747.0,4.2,101.3252
2017-11-01,3.9,3.7195869339301373,45.05285666143946,20134.243,247.284,0.64,34747.0,20691712.333333332,4.2,101.29299999999999
2017-12-01,3.99,3.679022748856742,44.564311342566356,20231.398,247.805,0.51,34953.0,20890677.666666668,4.1,101.3516
2018-01-01,4.15,3.6085487085487133,43.71498610254885,20328.553,248.859,0.58,35159.0,21089643.0,4.0,101.4013
2018-02-01,4.4,3.502483196504857,42.43542091082168,20412.672666666665,249.529,0.62,42971.666666666664,21124785.333333332,4.1,101.4252
2018-03-01,4.44,3.48595605865018,42.235899471305956,20496.792333333335,249.577,0.47,50784.333333333336,21159927.666666668,4.0,101.3066
2018-04-01,4.58,3.4290441544934063,41.5485549578252,20580.912,250.227,0.46,58597.0,21195070.0,4.0,101.1819
2018-05-01,4.56,3.437086599882361,41.64571288026041,20653.518,250.792,0.43,29117.333333333332,21302066.0,3.8,101.2266
2018-06-01,4.55,3.441118712532151,41.694420120891635,20726.124,251.018,0.33,-362.33333333333576,21409062.0,4.0,101.3374
2018-07-01,4.54,3.445158106443521,41.74321311962331,20798.73,251.214,0.29,-29842.0,21516058.0,3.8,101.3969
2018-08-01,4.52,3.4532588021627544,41.84105710932907,20838.442333333332,251.663,0.24,-17872.333333333336,21668737.333333332,3.8,101.4961
2018-09-01,4.72,3.3735501306504894,40.87791533821361,20878.154666666665,252.182,0.24,-5902.666666666668,21821416.666666668,3.7,101.4086
2018-10-01,4.86,3.3194311534672796,40.223500033371764,20917.867,252.772,0.28,6067.0,21974096.0,3.8,101.2012
2018-11-01,4.81,3.338604141570594,40.45538687593108,20979.955666666665,252.594,0.21,16315.0,21992024.0,3.8,100.9887
2018-12-01,4.55,3.441118712532151,41.694420120891635,21042.044333333335,252.767,0.21,26563.0,22009952.0,3.9,100.6761
2019-01-01,4.46,3.477737313679724,42.1366660137326,21104.133,252.561,0.18,36811.0,22027880.0,4.0,100.5258
2019-02-01,4.35,3.5233115742999512,42.686815199879625,21197.680333333334,253.319,0.21,18809.0,22026347.666666668,3.8,100.36200000000001
2019-03-01,4.06,3.6479351089453442,44.189741557880204,21291.22766666667,254.277,0.14,807.0,22024815.333333332,3.8,100.2309
2019-04-01,4.2,3.5869465990203127,43.45450659458588,21384.775,255.233,0.24,-17195.0,22023283.0,3.7,100.0109
2019-05-01,3.99,3.679022748856742,44.564311342566356,21487.944,255.296,0.19,10478.333333333332,22255322.666666668,3.6,99.80872
2019-06-01,3.73,3.7980780440617035,45.99751798437821,21591.113,255.213,0.25,38151.666666666664,22487362.333333332,3.6,99.62655
2019-07-01,3.75,3.788714590886393,45.884872776283075,21694.282,255.802,0.13,65825.0,22719402.0,3.7,99.40843000000001
2019-08-01,3.58,3.8694288229788585,46.8554737700633,21763.65133333333,256.036,0.0,58192.333333333336,22880061.333333332,3.6,99.13414
2019-09-01,3.64,3.8406483304727117,46.509492086915294,21833.020666666667,256.43,0.05,50559.666666666664,23040720.666666668,3.5,98.92642
2019-10-01,3.78,3.7747345938084385,45.7166656604678,21902.39,257.155,0.17,42927.0,23201380.0,3.6,98.8601
2019-11-01,3.68,3.821639913852863,46.28091857733862,21837.097666666665,257.879,0.17,47538.0,23208857.666666668,3.6,98.88178
2019-12-01,3.74,3.793391958937724,45.941144523576604,21771.805333333334,258.63,0.34,52149.0,23216335.333333332,3.6,98.98692
2020-01-01,3.51,3.9034175581863377,47.2639107187058,21706.513,258.906,0.18,56760.0,23223813.0,3.6,99.15387
2020-02-01,3.45,3.932908550728187,47.618162487374,21108.722999999998,259.246,0.27,38939.66666666667,24308289.0,3.5,99.03934
2020-03-01,3.5,3.908309649914592,47.32268430496829,20510.933,258.15,0.47,21119.333333333336,25392765.0,4.4,98.63115
2020-04-01,3.23,4.043943701767797,48.9507941258983,19913.143,256.126,0.44,3299.0,26477241.0,14.8,98.18549
2020-05-01,3.15,4.085481830317358,49.448862435627355,20491.308666666668,255.848,0.49,11144.333333333332,26633291.0,13.2,98.41359
2020-06-01,3.13,4.0959655430178685,49.57452831459151,21069.47433333333,257.004,0.5,18989.666666666664,26789341.0,11.0,99.24374
2020-07-01,2.99,4.170482865371026,50.46727939900379,21647.64,258.408,0.44,26835.0,26945391.0,10.2,99.94762
2020-08-01,2.91,4.213969546201971,50.9878866335554,21773.260666666665,259.366,0.58,21444.333333333332,27212860.0,8.4,100.4147
2020-09-01,2.9,4.219452496880738,51.05350650831643,21898.881333333335,259.951,0.56,16053.666666666666,27480329.0,7.8,100.7143
2020-10-01,2.81,4.269276751438759,51.649595990061705,22024.502,260.249,0.74,10663.0,27747798.0,6.8,100.9829
2020-11-01,2.72,4.31997351170824,52.2557414386515,22216.396333333334,260.895,0.68,23291.333333333336,27876055.333333332,6.7,101.1468
2020-12-01,2.67,4.348522106058906,52.59690669017472,22408.290666666668,262.005,0.8,35919.66666666667,28004312.666666668,6.7,101.3619
2021-01-01,2.73,4.3142968862788855,52.18788924162031,22600.185,262.518,1.0,48548.0,28132570.0,6.4,101.5407
2021-02-01,2.97,4.181292050596525,50.59670955587651,22830.910666666667,263.583,1.3,47685.333333333336,28264858.666666668,6.2,101.7788
2021-03-01,3.17,4.075037970879087,49.3236580505688,23061.636333333336,264.91,1.58,46822.666666666664,28397147.333333332,6.1,101.9768
2021-04-01,2.98,4.175882278740852,50.53193464188672,23292.362,266.752,1.49,45960.0,28529436.0,6.1,101.935
2021-05-01,2.95,4.1921427649685485,50.72661943050143,23471.232333333333,268.452,1.44,39971.666666666664,28495930.333333332,5.8,101.8528
2021-06-01,3.02,4.154346539232519,50.274029124299126,23650.10266666667,270.664,1.2,33983.333333333336,28462424.666666668,5.9,101.7171
2021-07-01,2.8,4.274866307028125,51.7164453129936,23828.973,271.994,1.05,27995.0,28428919.0,5.4,101.5841
2021-08-01,2.87,4.2359647490158405,51.251097706925144,24104.183,272.789,1.1,43443.666666666664,28825017.666666668,5.1,101.5373
2021-09-01,3.01,4.15971501925069,50.33832689688146,24379.393,273.887,1.24,58892.33333333333,29221116.333333332,4.7,101.5773
2021-10-01,3.14,4.090718693629994,49.5116375643904,24654.603,276.434,1.07,74341.0,29617215.0,4.5,101.5794
2021-11-01,3.1,4.11176623624844,49.76389678360552,24779.440666666665,278.799,0.91,59484.333333333336,29878463.333333332,4.1,101.49799999999999
2021-12-01,3.11,4.106489291407117,49.70065767463953,24904.278333333335,280.808,0.79,44627.66666666667,30139711.666666668,3.9,101.2974
2022-01-01,3.55,3.883940792848944,47.029882265865844,25029.116,282.39,0.61,29771.0,30400960.0,4.0,101.1222
2022-02-01,3.89,3.7241358658474413,45.10762831814067,25200.835000000003,284.535,0.39,31090.0,30456834.0,3.8,101.0105
2022-03-01,4.67,3.3932093822821887,41.11554237427537,25372.554,287.553,0.04,32409.0,30512708.0,3.6,100.8473
2022-04-01,5.1,3.229736381052649,39.13805851122239,25544.273,288.764,0.19,33728.0,30568582.0,3.7,100.6536
2022-05-01,5.1,3.229736381052649,39.13805851122239,25694.395,291.359,0.32,18018.666666666664,30688692.0,3.6,100.4397
2022-06-01,5.7,3.0213712035646307,36.61265393810481,25844.517,294.996,0.06,2309.333333333332,30808802.0,3.6,100.1548
2022-07-01,5.3,3.1578412636638897,38.26728248764518,25994.639,294.977,-0.22,-13400.0,30928912.0,3.5,99.94544
2022-08-01,5.55,3.0714401276836676,37.21997191072881,26132.560999999998,295.209,-0.3,-27164.666666666664,31092504.333333332,3.6,99.7755
2022-09-01,6.7,2.7183774550951965,32.931543804644534,26270.483,296.341,-0.39,-40929.33333333333,31256096.666666668,3.5,99.54729
2022-10-01,7.08,2.615867672650863,31.684075857319872,26408.405,297.863,-0.41,-54694.0,31419689.0,3.6,99.31562
2022-11-01,6.58,2.7521062027219174,33.34178620590637,26543.47033333333,298.648,-0.7,-28582.0,31432605.333333332,3.6,99.09515
2022-12-01,6.42,2.798138221592477,33.901494591755046,26678.535666666667,298.812,-0.53,-2470.0,31445521.666666668,3.5,98.91479
2023-01-01,6.13,2.884784950566726,34.954457211559905,26813.601,300.356,-0.69,23642.0,31458438.0,3.4,98.77238
2023-02-01,6.5,2.774968630025612,33.61979915162802,26896.737999999998,301.509,-0.89,5920.0,31749716.666666668,3.6,98.68208
2023-03-01,6.32,2.827540024177139,34.25888320842428,26979.875,301.744,-0.58,-11802.0,32040995.333333332,3.5,98.59528
2023-04-01,6.43,2.7952250493318043,33.86607925046877,27063.012,303.032,-0.6,-29524.0,32332274.0,3.4,98.55729000000001
2023-05-01,6.57,2.7549473819101333,33.376338446823276,27245.384,303.365,-0.76,-12900.666666666668,32610627.333333332,3.7,98.5284
2023-06-01,6.71,2.7155968836646776,32.89771892328668,27427.756,304.003,-1.06,3722.6666666666642,32888980.666666668,3.6,98.53253000000001
2023-07-01,6.81,2.6880423371277598,32.56248658001896,27610.128,304.628,-0.91,20346.0,33167334.0,3.5,98.5976
2023-08-01,7.18,2.589933472379813,31.36833094627764,27725.751333333334,306.187,-0.76,2006.3333333333321,33445387.333333332,3.8,98.70704
2023-09-01,7.31,2.5568415944465817,30.96536256782835,27841.374666666667,307.288,-0.44,-16333.333333333336,33723440.666666664,3.8,98.75686999999999
2023-10-01,7.79,2.44046909350007,29.547607757778263,27956.998,307.531,-0.19,-34673.0,34001494.0,3.8,98.68998
